site_uri,site_name,latitude,longitude,geonames_id
http://www.wikidata.org/entity/Q1439180,Forum Clodii,42.12937,12.16445,
http://www.wikidata.org/entity/Q1523625,tomba dei giganti San Cosimo,39.50603,8.616286,
http://www.wikidata.org/entity/Q1722122,Calacte,38.024241,14.440957,
http://www.wikidata.org/entity/Q1523629,tomba dei giganti di Su Mont'e s'Abe,40.87566667,9.48402778,
http://www.wikidata.org/entity/Q1485807,Grotta del Genovese,38.0031,12.3222,
http://www.wikidata.org/entity/Q1501204,Scale Gemonie,41.893333333333,12.484722222222,
http://www.wikidata.org/entity/Q1444690,Lorium,41.901109,12.28565,3179707
http://www.wikidata.org/entity/Q1699553,tomba dei giganti di Pedras Doladas,40.216328,8.613968,
http://www.wikidata.org/entity/Q1724661,Pyrgi,42.015226,11.963414,
http://www.wikidata.org/entity/Q1548855,Mausoleo di Elena,41.8789,12.54881,
http://www.wikidata.org/entity/Q1477572,teatro romano di Verona,45.447416666667,11.001638888889,8014999
http://www.wikidata.org/entity/Q1453755,Fregellae,41.53666667,13.53888889,11887187
http://www.wikidata.org/entity/Q1641527,abbazia di Santa Maria di Corazzo,39.061539,16.423009,
http://www.wikidata.org/entity/Q1510293,necropoli di Sos Furrighesos,40.48126389,8.97295,
http://www.wikidata.org/entity/Q1457351,circo di Massenzio,41.854779007594,12.52068860954,8015041
http://www.wikidata.org/entity/Q1474759,pozzo sacro di Funtana Coberta,39.58109444,9.35195,
http://www.wikidata.org/entity/Q1545613,Santuario nuragico di Gremanu,40.10805556,9.33888889,
http://www.wikidata.org/entity/Q1474215,Q1474215,46.4685,11.2665,
http://www.wikidata.org/entity/Q1714672,Fonte di Giuturna,41.89157222,12.48588889,12035839
http://www.wikidata.org/entity/Q1615030,Porta Fontinalis,41.894,12.4843,
http://www.wikidata.org/entity/Q1457477,Megara Iblea,37.203717,15.181777,8063661
http://www.wikidata.org/entity/Q1568583,Eraclea,40.2195,16.6704,
http://www.wikidata.org/entity/Q1471556,Telesia,41.220156,14.514947,
http://www.wikidata.org/entity/Q1540920,mausoleo di Cecilia Metella,41.852013,12.520701,8015043
http://www.wikidata.org/entity/Q1531173,Grotta del Colombo,45.850754,10.960651,
http://www.wikidata.org/entity/Q1453042,area archeologica di Sa Sedda e’ Sos Carros,40.273464,9.404074,
http://www.wikidata.org/entity/Q1436362,Falerii,42.2999961333,12.3573670667,8199357
http://www.wikidata.org/entity/Q1437257,complesso nuragico di Sos Nurattolos,40.6884097,9.3127665,
http://www.wikidata.org/entity/Q1456939,Tempio della Pace,41.892622,12.487611,
http://www.wikidata.org/entity/Q1550380,Grumentum,40.28388889,15.90611111,7289451
http://www.wikidata.org/entity/Q1732146,complesso nuragico di Palmavera,40.5949529,8.2426912,
http://www.wikidata.org/entity/Q1617215,teatro romano di Benevento,41.1303701,14.7711024,10292643
http://www.wikidata.org/entity/Q1551259,Pirro Nord,41.801777777778,15.385083333333,
http://www.wikidata.org/entity/Q1434186,Alesa Arconidea,37.98333333,14.23333333,
http://www.wikidata.org/entity/Q1665908,Interamna Lirenas,41.42765450178,13.753907939574,
http://www.wikidata.org/entity/Q1502156,Eraclea Minoa,37.393952777778,13.280747222222,7287882
http://www.wikidata.org/entity/Q1434073,necropoli di Fossa,42.310764,13.505018,11153273
http://www.wikidata.org/entity/Q1546380,artemision di Siracusa,37.0599,15.2937,
http://www.wikidata.org/entity/Q1673859,Isernia La Pineta,41.5915388,14.2412626,
http://www.wikidata.org/entity/Q1540716,sepolcro degli Scipioni,41.87613889,12.50075,8015037
http://www.wikidata.org/entity/Q1437867,Fornix Fabianus,41.891897,12.486367,
http://www.wikidata.org/entity/Q1446018,isola Sacra,41.75,12.25,3168729
http://www.wikidata.org/entity/Q1523637,tomba dei giganti di Laccaneddu,40.5117,8.43808,
http://www.wikidata.org/entity/Q1540900,Sepolcro del Giovinetto Quinto Sulpicio Massimo,41.9105969,12.4984203,
http://www.wikidata.org/entity/Q1651532,MegaMuseo,45.735077,7.2983,
http://www.wikidata.org/entity/Q1517031,Tempio della Vittoria,41.88944444,12.48511111,
http://www.wikidata.org/entity/Q1590781,"Domus delle Muse (III,IX,22)",41.752140081159,12.285465022529,
http://www.wikidata.org/entity/Q1153879,Arco dei Gavi,45.4401,10.98877,11127154
http://www.wikidata.org/entity/Q977606,Crypta Neapolitana,40.831047,14.217561,
http://www.wikidata.org/entity/Q1051673,Cava d'Ispica,36.810462,14.876093,
http://www.wikidata.org/entity/Q962184,Mozia,37.868333333333,12.468611111111,2524039
http://www.wikidata.org/entity/Q1024978,complesso nuragico di Cabu Abbas,40.95555556,9.52083333,8953098
http://www.wikidata.org/entity/Q951089,Tempio di Giunone Moneta,41.89385,12.48317,
http://www.wikidata.org/entity/Q1135533,Corte Noa,39.89222222,9.02111111,
http://www.wikidata.org/entity/Q1115366,Tempio di Vesta,41.88940833,12.48528333,
http://www.wikidata.org/entity/Q1165030,San Marco in Boccalama,45.38861111,12.28138889,
http://www.wikidata.org/entity/Q1108919,Collatia,41.92513,12.66662,
http://www.wikidata.org/entity/Q1026628,Cales,41.199929,14.132176,
http://www.wikidata.org/entity/Q1047006,House of Bacchus and Ariadne,41.75355,12.28384,
http://www.wikidata.org/entity/Q1046434,Casa Romuli,41.88944444,12.48472222,
http://www.wikidata.org/entity/Q1058967,Teatro greco di Siracusa,37.07611,15.275,10282065
http://www.wikidata.org/entity/Q1046588,casa della Farnesina,41.8944,12.4665,
http://www.wikidata.org/entity/Q1092998,circo Variano,41.88777778,12.51944444,
http://www.wikidata.org/entity/Q934277,Tomba delle Leonesse,42.2503,11.7687,
http://www.wikidata.org/entity/Q1013831,Gravisca,42.21277778,11.71027778,3163829
http://www.wikidata.org/entity/Q908472,Domus Augustana,41.8877,12.4866,
http://www.wikidata.org/entity/Q996541,Giardini Farnese,41.890277777778,12.486388888889,10303136
http://www.wikidata.org/entity/Q1134283,Cornus,40.09333333,8.50805556,
http://www.wikidata.org/entity/Q937054,Erdonia,41.316575,15.628294,
http://www.wikidata.org/entity/Q1091447,anfiteatro romano di Siracusa,37.074152777778,15.27895,
http://www.wikidata.org/entity/Q959458,complesso nuragico di Romanzesu,40.53027778,9.32472222,
http://www.wikidata.org/entity/Q1131991,Corbione,41.77730556,12.91766667,
http://www.wikidata.org/entity/Q1098370,Arco di Claudio,41.89931667,12.48109722,
http://www.wikidata.org/entity/Q1130478,Perusia,43.1117,12.3906,
http://www.wikidata.org/entity/Q1054755,Porta Palatina,45.075,7.6847,6697891
http://www.wikidata.org/entity/Q927222,Tempio di Augusto,41.8916,12.4844,
http://www.wikidata.org/entity/Q1137496,Neapolis,39.68722222,8.55333333,
http://www.wikidata.org/entity/Q1084264,Scolacium,38.817212,16.597035,
http://www.wikidata.org/entity/Q951442,Calatia,41.044283,14.356247,
http://www.wikidata.org/entity/Q898417,Liternum,40.921094,14.030128,
http://www.wikidata.org/entity/Q931172,Vulci,42.419129,11.628128,3163940
http://www.wikidata.org/entity/Q1046582,casa dell'Ara Massima,40.752692,14.484786,
http://www.wikidata.org/entity/Q1018282,Pyxous,40.074251,15.523918,
http://www.wikidata.org/entity/Q1092967,Circo Flaminio,41.8927578,12.4774218,
http://www.wikidata.org/entity/Q1107952,Arco di Druso,41.873794,12.501406,8015036
http://www.wikidata.org/entity/Q1027069,catacombe di San Callisto,41.85887778,12.51105833,
http://www.wikidata.org/entity/Q964096,Tomba del Colle Casuccini,43.01726324162,11.962778201321,
http://www.wikidata.org/entity/Q1175491,Cripta del Redentore,40.46388889,17.26305556,
http://www.wikidata.org/entity/Q1052137,Ca' Belvedere,44.2017,11.95,
http://www.wikidata.org/entity/Q994358,nuraghe Genna Maria,39.6354395,8.85326385,
http://www.wikidata.org/entity/Q1012797,Ostia,41.754166666667,12.2875,3171796
http://www.wikidata.org/entity/Q1054877,Cereatae,41.67111111,13.48722222,
http://www.wikidata.org/entity/Q1054423,Suasa,43.625555555556,12.984444444444,6535609
http://www.wikidata.org/entity/Q1143005,Cuccuru Nuraxi,39.28615052,9.17675972,
http://www.wikidata.org/entity/Q1046559,Casa dei dipinti,41.755036,12.287999,
http://www.wikidata.org/entity/Q980425,anfiteatro romano di Suasa,43.625,12.987222,
http://www.wikidata.org/entity/Q1058770,Metaponto,40.383126,16.822782,7289453
http://www.wikidata.org/entity/Q944515,Alba Fucens,42.079059725959,13.411468116683,8410805
http://www.wikidata.org/entity/Q1144512,Curia Hostilia,41.893055555556,12.485277777778,6269258
http://www.wikidata.org/entity/Q1144514,Curia Iulia,41.892930555556,12.485402777778,6269258
http://www.wikidata.org/entity/Q1035634,carcere Mamertino,41.893333333333,12.484444444444,
http://www.wikidata.org/entity/Q1114895,comizio,41.892777777778,12.485,
http://www.wikidata.org/entity/Q1145802,Ara massima di Ercole invitto,41.8889,12.4811,
http://www.wikidata.org/entity/Q1049884,Castro,42.532777777778,11.648611111111,
http://www.wikidata.org/entity/Q1046550,casa dei Cei,40.750032,14.489398,
http://www.wikidata.org/entity/Q1160855,Trebula Balliensis,41.2,14.25,
http://www.wikidata.org/entity/Q949654,Tomba dei Tori,42.24,11.7944,
http://www.wikidata.org/entity/Q1055805,Catacombe dei Santi Marcellino e Pietro,41.87902778,12.54908333,
http://www.wikidata.org/entity/Q1139946,Horti Liciniani,41.892944,12.508833,
http://www.wikidata.org/entity/Q1116623,Bisenzio,42.574066666667,11.874766666667,
http://www.wikidata.org/entity/Q1116395,Stipe votiva di piazza San Francesco,37.50255,15.08464722,
http://www.wikidata.org/entity/Q1049836,Castra Praetoria,41.908798668981,12.507940792131,
http://www.wikidata.org/entity/Q952753,Casilinum,41.1094,14.2091,
http://www.wikidata.org/entity/Q971697,mura di Roselle,42.8271,11.1593,
http://www.wikidata.org/entity/Q1031652,domus de janas Campu Lontanu,40.59083333,8.63527778,
http://www.wikidata.org/entity/Q477728,Thapsos,37.15,15.23333333,
http://www.wikidata.org/entity/Q636793,parco archeologico di Monte Sannace,40.8325,16.96555556,
http://www.wikidata.org/entity/Q599035,Terme di Traiano,41.891867,12.496281,8015118
http://www.wikidata.org/entity/Q625149,Mura aureliane,41.873292,12.498955,
http://www.wikidata.org/entity/Q392878,Piazzale delle Corporazioni,41.7564,12.2911,
http://www.wikidata.org/entity/Q725404,piramide Cestia,41.876489,12.480898,
http://www.wikidata.org/entity/Q622943,Acqua Marcia,41.8468009,12.563348,
http://www.wikidata.org/entity/Q672752,Saepta Iulia,41.8983,12.478,
http://www.wikidata.org/entity/Q750837,grotta del Romito,39.911111111111,15.929166666667,
http://www.wikidata.org/entity/Q649559,Peltuinum,42.286929,13.62261,11153680
http://www.wikidata.org/entity/Q622536,Tres Tabernae,41.561944444444,12.873888888889,
http://www.wikidata.org/entity/Q639179,Villa di Livia,42.00208,12.493622,
http://www.wikidata.org/entity/Q588204,Terme di Costantino,41.89843,12.4879,
http://www.wikidata.org/entity/Q600690,Teatro romano di Catania,37.502778,15.083611,
http://www.wikidata.org/entity/Q657102,Atella,40.95999,14.25935,
http://www.wikidata.org/entity/Q726619,Stentinello,37.11388889,15.24055556,
http://www.wikidata.org/entity/Q499234,Villa del Tellaro,36.83555556,15.07861111,
http://www.wikidata.org/entity/Q542944,Villa di Poppea,40.75722222,14.4525,
http://www.wikidata.org/entity/Q614510,Gabii,41.886888888889,12.715833333333,3176443
http://www.wikidata.org/entity/Q478642,Mercati di Traiano,41.895611,12.486194,
http://www.wikidata.org/entity/Q631432,Solunto,38.09305556,13.53138889,2523057
http://www.wikidata.org/entity/Q677175,area archeologica di Nora,38.985737,9.016026,8199395
http://www.wikidata.org/entity/Q611318,Medma,38.4825,15.99055556,
http://www.wikidata.org/entity/Q383609,Tempio della Magna Mater,41.88961,12.48456,
http://www.wikidata.org/entity/Q546547,Cosa,42.410919,11.286503,3177932
http://www.wikidata.org/entity/Q441542,Altino,45.54638889,12.39888889,3219030
http://www.wikidata.org/entity/Q548608,aquedotto Anio novus,41.846,12.561,
http://www.wikidata.org/entity/Q518832,Terme di Agrippa,41.896906,12.476997,
http://www.wikidata.org/entity/Q476787,Aqua Iulia,41.896963,12.510719,
http://www.wikidata.org/entity/Q453634,Tempio di Nettuno,40.42,15.005611111111,
http://www.wikidata.org/entity/Q555272,Poggio Civitate,43.1556,11.3994,
http://www.wikidata.org/entity/Q743694,Bovillae,41.7575,12.6217,
http://www.wikidata.org/entity/Q533922,Ostra antica,43.584722222222,13.086111111111,
http://www.wikidata.org/entity/Q530591,Trebula Mutuesca,42.22767,12.86865,
http://www.wikidata.org/entity/Q547910,Stabia,40.703055555556,14.498888888889,3179661
http://www.wikidata.org/entity/Q622438,Domus Aurea,41.891388888889,12.495277777778,7303192
http://www.wikidata.org/entity/Q622948,Aqua Tepula,41.900135,12.50868,
http://www.wikidata.org/entity/Q568342,Tabularium,41.892777777778,12.483611111111,
http://www.wikidata.org/entity/Q474970,Anfiteatro campano,41.08611111,14.25,
http://www.wikidata.org/entity/Q579763,Luna,44.064,10.017,3174455
http://www.wikidata.org/entity/Q586468,Tempio di Giove Ottimo Massimo,41.892175,12.481689,
http://www.wikidata.org/entity/Q746102,Cloaca Massima,41.888888888889,12.480277777778,
http://www.wikidata.org/entity/Q686911,Foro di Nerva,41.89305,12.48617,
http://www.wikidata.org/entity/Q470839,Nuceria,40.743128,14.673929,
http://www.wikidata.org/entity/Q529806,Domus Flavia,41.8885,12.4869,
http://www.wikidata.org/entity/Q641556,Arena di Verona,45.438888888889,10.994444444444,7303230
http://www.wikidata.org/entity/Q580555,Arco di Giano,41.889444,12.482778,11978582
http://www.wikidata.org/entity/Q545495,circo romano di Milano,45.465134,9.17899,
http://www.wikidata.org/entity/Q728102,Hykkara,38.130911,13.183937,
http://www.wikidata.org/entity/Q431062,Tempio di Adriano,41.899722222222,12.479444444444,8015140
http://www.wikidata.org/entity/Q536769,Aqua Alsietina,41.88656,12.469321,
http://www.wikidata.org/entity/Q736618,Villa Settefinestre,42.43059444,11.32675556,
http://www.wikidata.org/entity/Q546479,Tomba della Pellegrina,43.029025,11.9506143,
http://www.wikidata.org/entity/Q636774,Valle dei Templi,37.311188,13.576956,7522495
http://www.wikidata.org/entity/Q523765,Tempio del Divo Claudio,41.88795,12.49311,
http://www.wikidata.org/entity/Q678198,Tomba di Stile Orientalizzante,43.030781,11.952567,
http://www.wikidata.org/entity/Q648870,Tiscali,40.241618,9.491576,
http://www.wikidata.org/entity/Q568611,Canne,41.296388888889,16.151666666667,
http://www.wikidata.org/entity/Q682404,Scavi archeologici dell'agro pompeiano,40.761389,14.471389,
http://www.wikidata.org/entity/Q698864,Argos Hippium,41.475654,15.555444,
http://www.wikidata.org/entity/Q475012,Anfiteatro castrense,41.8875,12.515,8015086
http://www.wikidata.org/entity/Q616271,Basilica Giulia,41.89195,12.48478,6269257
http://www.wikidata.org/entity/Q539095,necropoli di Anghelu Ruju,40.6325,8.32666667,
http://www.wikidata.org/entity/Q689104,Tempio di Antas,39.394051,8.5002369,
http://www.wikidata.org/entity/Q522924,basilica Emilia,41.89259,12.48614,6269254
http://www.wikidata.org/entity/Q662766,Anfiteatro Flavio,40.825869,14.125078,
http://www.wikidata.org/entity/Q426372,Rostri,41.892638888889,12.484611111111,6269256
http://www.wikidata.org/entity/Q736689,Tharros,39.8734381,8.4410191,2522937
http://www.wikidata.org/entity/Q597347,Ferento,42.48861111,12.1325,
http://www.wikidata.org/entity/Q502098,Terme di Caracalla,41.880264,12.492764,8015033
http://www.wikidata.org/entity/Q677935,Veio,42.023888888889,12.401388888889,7910549
http://www.wikidata.org/entity/Q622930,acquedotto Claudio,41.8490622,12.5541753,
http://www.wikidata.org/entity/Q623612,Ara Pacis,41.906388888889,12.475555555556,6269265
http://www.wikidata.org/entity/Q622909,Acquedotto alessandrino,41.90817,12.504491,
http://www.wikidata.org/entity/Q622956,Acquedotto Traiano,41.8886,12.4641,
http://www.wikidata.org/entity/Q476876,tempio di Poseidone,40.47377778,17.233,
http://www.wikidata.org/entity/Q505617,Villa del Casale,37.364723,14.334553,7287817
http://www.wikidata.org/entity/Q650428,Pithecusa,40.75555556,13.88316667,
http://www.wikidata.org/entity/Q679665,Tempio di Marte Ultore,41.894283,12.486844,
http://www.wikidata.org/entity/Q548614,Acquedotto Anio vetus,41.898212,12.509286,
http://www.wikidata.org/entity/Q676074,circo di Nerone,41.901666666667,12.455277777778,
http://www.wikidata.org/entity/Q548867,Eretum,42.135169,12.738336,
http://www.wikidata.org/entity/Q741051,catacombe di Roma,41.894444444444,12.498333333333,
http://www.wikidata.org/entity/Q732732,Egnazia,40.887799,17.391103,3177430
http://www.wikidata.org/entity/Q659138,Teatro di Marcello,41.891911,12.479483,6269263
http://www.wikidata.org/entity/Q723887,Arco di Tito,41.890717,12.488585,6269250
http://www.wikidata.org/entity/Q3955650,Sepolcro di Gaio Publicio Bibulo,41.89486389,12.48150833,
http://www.wikidata.org/entity/Q3984396,Terme di Caracalla,41.7284473,12.6578489,
http://www.wikidata.org/entity/Q3984387,Terme Taurine,42.1095,11.83591944,
http://www.wikidata.org/entity/Q4012300,Villa romana della Foce,43.808209,7.759464,
http://www.wikidata.org/entity/Q4012682,Villa dei Sette Bassi,41.8426981,12.5760694,
http://www.wikidata.org/entity/Q3983204,Tempio della Fortuna Augusta,40.750682,14.484351,
http://www.wikidata.org/entity/Q3983240,Tempio di Efesto,37.292933,13.578758,
http://www.wikidata.org/entity/Q4012731,Villa di Faragola,41.228267,15.559854,
http://www.wikidata.org/entity/Q3983259,Tempio di Giove Statore,41.8931,12.4795,
http://www.wikidata.org/entity/Q3984389,Terme dell'Indirizzo,37.50093889,15.08566667,
http://www.wikidata.org/entity/Q3983262,tempio di Giunone,37.2886,13.6002,
http://www.wikidata.org/entity/Q3998716,Triclinium Leoninum,41.887,12.50725,
http://www.wikidata.org/entity/Q3983196,Tempio dei Dioscuri,37.291358,13.581378,
http://www.wikidata.org/entity/Q4012726,Villa di Domiziano,41.26845,13.03933,
http://www.wikidata.org/entity/Q3984380,Terme Eleniane,41.88922222,12.51466111,
http://www.wikidata.org/entity/Q3955644,sepolcro dei Sempronii,41.89979444,12.48545,
http://www.wikidata.org/entity/Q3950804,Satrianum,40.567002971369,15.639582668924,
http://www.wikidata.org/entity/Q3982367,teatro romano di Locri,38.21618056,16.22863611,
http://www.wikidata.org/entity/Q3984413,terme romane di Fondi,41.35739,13.42925,
http://www.wikidata.org/entity/Q3983285,Tempio di Venere Ericina,41.90997778,12.49650556,
http://www.wikidata.org/entity/Q4009948,Vereto,39.838614,18.3270192,
http://www.wikidata.org/entity/Q3974278,Silvium,40.8196,16.3998,
http://www.wikidata.org/entity/Q3982371,teatro romano di Torino,45.07397222,7.68551389,11127301
http://www.wikidata.org/entity/Q3983250,Tempio di Giove,42.4109,11.28654444,
http://www.wikidata.org/entity/Q3983226,Tempio di Atena,37.0596,15.2937,
http://www.wikidata.org/entity/Q3951763,Scavi archeologici di Palazzo Martinengo Cesaresco Novarino,45.539258,10.22545,
http://www.wikidata.org/entity/Q3982368,Teatro romano di Milano,45.46527778,9.18277778,
http://www.wikidata.org/entity/Q3982091,Teatro Piccolo di Pompei,40.748854,14.488987,
http://www.wikidata.org/entity/Q3983188,Tempio L,37.291025,13.581416,
http://www.wikidata.org/entity/Q3983297,Tempio italico,42.102117,13.755884,11839530
http://www.wikidata.org/entity/Q3983254,Tempio di Giove Appennino,43.417222222222,12.656111111111,
http://www.wikidata.org/entity/Q3992631,Tombe preistoriche dell'Arco di Augusto,41.89194444,12.48611111,
http://www.wikidata.org/entity/Q3983186,Tempio F,37.5873,12.8349,
http://www.wikidata.org/entity/Q3983252,Tempio di Giove Anxur,41.291639,13.259863,
http://www.wikidata.org/entity/Q3983270,Tempio di Iside,43.769375,11.25808333,
http://www.wikidata.org/entity/Q3983280,tempio di Segesta,37.941449,12.83307,
http://www.wikidata.org/entity/Q3992607,Tomba della Colonna,42.676839,11.893447,
http://www.wikidata.org/entity/Q3992603,ipogeo di Sant'Iroxi,39.336111,8.920278,
http://www.wikidata.org/entity/Q3983235,Tempio di Bellona,41.752638888889,12.291583333333,
http://www.wikidata.org/entity/Q3983227,Tempio di Atena Lindia e Zeus Atabyrios,37.312904,13.578062,
http://www.wikidata.org/entity/Q3983179,Tempio Dorico,40.748279,14.488005,
http://www.wikidata.org/entity/Q4007937,Valesio,40.505968,18.030624,
http://www.wikidata.org/entity/Q3984379,Terme Achilliane,37.50240556,15.08740278,
http://www.wikidata.org/entity/Q3983245,Tempio di Esculapio,37.282546,13.589659,
http://www.wikidata.org/entity/Q3960095,Sicopoli,41.134877777778,14.261708333333,
http://www.wikidata.org/entity/Q3998196,Trebula Suffenas,41.95472222,12.93777778,
http://www.wikidata.org/entity/Q3984400,terme di Fordongianus,39.9972641,8.80816,12041376
http://www.wikidata.org/entity/Q3952753,Scornavacche,37.0495,14.580333333333,
http://www.wikidata.org/entity/Q3983290,Tempio di Zeus,37.0515,15.2576,
http://www.wikidata.org/entity/Q3951760,scavi archeologici del duomo di Napoli,40.852796953204,14.259322014679,
http://www.wikidata.org/entity/Q3984401,Villa dei Venulei,43.83708,10.36136,
http://www.wikidata.org/entity/Q3982372,teatro romano di Teramo,42.65789722,13.704075,
http://www.wikidata.org/entity/Q3982365,Teatro romano di Brescia,45.539868,10.2269897,
http://www.wikidata.org/entity/Q3983199,tempio dei Dioscuri di Napoli,40.85144,14.25683,
http://www.wikidata.org/entity/Q3983268,Tempio di Giunone Sospita,41.88956,12.48461,
http://www.wikidata.org/entity/Q3983260,Tempio di Giove Toro,41.220501,16.065111,
http://www.wikidata.org/entity/Q4012729,Villa di Domiziano,41.738348,12.655029,
http://www.wikidata.org/entity/Q3984381,Terme Erculee,45.46489,9.195891,
http://www.wikidata.org/entity/Q3995227,Torre Mordillo,39.715102,16.3154111,
http://www.wikidata.org/entity/Q3983216,Tempio della Tosse,41.96289167,12.78935833,
http://www.wikidata.org/entity/Q3995103,Torraccio della Cecchina,41.94322,12.55871,
http://www.wikidata.org/entity/Q3998193,Trebula,41.9137,14.2829,11186441
http://www.wikidata.org/entity/Q3950680,Sassi Ritti,42.74693889,10.19649444,
http://www.wikidata.org/entity/Q4000423,tumulo del Principe etrusco,43.73416667,10.39111111,
http://www.wikidata.org/entity/Q3968556,Statio aquarum,41.89150556,12.48611944,
http://www.wikidata.org/entity/Q4012551,Villa Sora,40.778191,14.374717,
http://www.wikidata.org/entity/Q3982350,Teatro greco-romano di Marina di Gioiosa Ionica,38.3014307,16.3328588,
http://www.wikidata.org/entity/Q3983236,Tempio di Demetra,37.299272,13.603352,
http://www.wikidata.org/entity/Q3984392,Terme della Rotonda,37.50405556,15.08275,
http://www.wikidata.org/entity/Q3955654,sepolcro di Priscilla,41.8665,12.5031,
http://www.wikidata.org/entity/Q3965012,Sorabile,40.1294,9.260164,
http://www.wikidata.org/entity/Q3983217,Tempio della Vittoria,37.9739,13.8239,
http://www.wikidata.org/entity/Q3983267,Tempio di Iside,37.298333333333,13.588888888889,
http://www.wikidata.org/entity/Q3983287,Tempio di Vespasiano,40.749594,14.485165,
http://www.wikidata.org/entity/Q3982366,teatro romano di Ascoli Piceno,42.85366111,13.56858056,10288513
http://www.wikidata.org/entity/Q3983175,Tempio C,37.5832,12.8253,
http://www.wikidata.org/entity/Q3983228,Tempio di Atena,40.424502777778,15.005377777778,
http://www.wikidata.org/entity/Q3951764,scavi archeologici di Stabia,40.702952,14.499259,
http://www.wikidata.org/entity/Q3992602,Tomba dei giganti di Sa Perda 'e S'Altare,40.23746944,8.85855833,
http://www.wikidata.org/entity/Q3950859,Saturo,40.3713973,17.3055696,
http://www.wikidata.org/entity/Q3984399,Terme di Elagabalo,41.890236,12.489557,
http://www.wikidata.org/entity/Q3983181,Tempio E,37.586689973344,12.834817067249,
http://www.wikidata.org/entity/Q3983253,Tempio di Giano,41.8913,12.48,
http://www.wikidata.org/entity/Q3983283,Tempio di Venere,40.748425,14.483872,
http://www.wikidata.org/entity/Q4009174,Vecchia fucina,41.28674167,14.56389722,
http://www.wikidata.org/entity/Q3950860,Saturo,40.37138889,17.30555556,
http://www.wikidata.org/entity/Q3998737,Tridentum,46.0694569,11.123645,
http://www.wikidata.org/entity/Q4010873,Via etrusca del ferro,43.821944444444,10.604444444444,
http://www.wikidata.org/entity/Q3982364,teatro romano di Anzio,41.45516111,12.62865278,
http://www.wikidata.org/entity/Q3983249,Tempio di Flora,41.30575556,14.56272222,
http://www.wikidata.org/entity/Q3992604,Tomba dei giganti di Osono,40.03511111,9.61658333,
http://www.wikidata.org/entity/Q3983202,tempio della Concordia,37.2897,13.5922,10376146
http://www.wikidata.org/entity/Q4000489,Tunnel borbonico,40.8354727695,14.2462720204,
http://www.wikidata.org/entity/Q3620623,Apigliano,40.20288,18.26919,
http://www.wikidata.org/entity/Q3316213,Kainua,44.3370515,11.2038579,
http://www.wikidata.org/entity/Q3616680,anfiteatro romano di Ancona,43.623142,13.512171,
http://www.wikidata.org/entity/Q3604769,Acropoli di Alatri,41.724717,13.344505,11857034
http://www.wikidata.org/entity/Q3517625,tempio di Talamonaccio,42.55166667,11.16972222,
http://www.wikidata.org/entity/Q3621968,Area archeologica di Capo Colonna,39.0289,17.2051,
http://www.wikidata.org/entity/Q3621493,Archeoparco del Basileus,40.6833,15.6,
http://www.wikidata.org/entity/Q3618727,Antinum,41.889111111111,13.473805555556,
http://www.wikidata.org/entity/Q3604872,Ad Decimum,41.8027,12.639,
http://www.wikidata.org/entity/Q3589176,Epipoli,37.090582,15.218682,
http://www.wikidata.org/entity/Q3616688,Anfiteatro romano di Teramo,42.6579,13.7032,
http://www.wikidata.org/entity/Q3542035,tomba del Diavolino II,42.8757,10.9944,
http://www.wikidata.org/entity/Q3531028,tomba del Belvedere,42.8695165,10.9828734,
http://www.wikidata.org/entity/Q3457868,Porta Caelimontana e Porta Querquetulana,41.8856,12.4952,
http://www.wikidata.org/entity/Q3309400,tempio di Giove,40.7499,14.4845,
http://www.wikidata.org/entity/Q3531051,Tomba di Vigna Grande,43.008732,11.947319,
http://www.wikidata.org/entity/Q3604735,Acquedotto romano di Catania,37.5494,14.9555,
http://www.wikidata.org/entity/Q3616684,anfiteatro romano di Rimini,44.06027,12.5754,
http://www.wikidata.org/entity/Q3606949,Agyrion,37.657497,14.522598,
http://www.wikidata.org/entity/Q3517528,Tempio di Iside,40.7492,14.4883,
http://www.wikidata.org/entity/Q3621757,Arco augusteo di Siracusa,37.073657,15.280068,
http://www.wikidata.org/entity/Q3618645,Antico porto di Atri,42.585,14.0894,
http://www.wikidata.org/entity/Q3618615,Antiche Mura,45.5428,12.6386,
http://www.wikidata.org/entity/Q3531041,Tomba dell'Iscrizione,43.0242,11.9455,
http://www.wikidata.org/entity/Q3485425,Vitozza,42.6778,11.7569,
http://www.wikidata.org/entity/Q3616681,Anfiteatro Romano di Arezzo,43.4606,11.8806,
http://www.wikidata.org/entity/Q3604770,Acropoli di Arpino,41.649154,13.617731,8960167
http://www.wikidata.org/entity/Q3606501,Ager Vaticanus,41.9054,12.4662,
http://www.wikidata.org/entity/Q3531032,Tomba del Granduca,43.0339,11.9597,
http://www.wikidata.org/entity/Q3621777,Arco di Gaio e Lucio Cesari,41.892631,12.486033,
http://www.wikidata.org/entity/Q3517716,Tempio Etrusco di Punta della Vipera,42.0463351,11.8256075,
http://www.wikidata.org/entity/Q3527911,teatro romano di Aosta,45.73841,7.3223,
http://www.wikidata.org/entity/Q3531036,Tomba del Poggio al Moro,43.0183,11.9262,
http://www.wikidata.org/entity/Q3531046,Tomba della Scimmia,43.0304863,11.9520681,
http://www.wikidata.org/entity/Q3531097,Tomba dei Caronti,42.25044444,11.76986111,
http://www.wikidata.org/entity/Q3471777,santuario nuragico di Abini,40.145277777778,9.0927777777778,
http://www.wikidata.org/entity/Q3554226,Teate,42.346992,14.168101,
http://www.wikidata.org/entity/Q3531116,tomba dei Rilievi,42.0071,12.1026,
http://www.wikidata.org/entity/Q3555920,Tempio di Era,40.419294444444,15.005280555556,10378390
http://www.wikidata.org/entity/Q3558833,Villa di Tiberio,41.2507,13.44979,
http://www.wikidata.org/entity/Q3364865,parco archeologico urbano dell'antica Picentia,40.643444,14.884121,
http://www.wikidata.org/entity/Q3621780,Arco di Malborghetto,42.052398,12.487033,
http://www.wikidata.org/entity/Q3307980,Villa Gordiani,41.8942,12.5538,
http://www.wikidata.org/entity/Q3621766,Arco del Sacramento,41.131,14.7736,
http://www.wikidata.org/entity/Q3621776,Arco di Druso e Germanico,42.7333,12.7371,
http://www.wikidata.org/entity/Q3363950,Parco archeologico di Baratti e Populonia,42.991022,10.510601,
http://www.wikidata.org/entity/Q3531034,Tomba del Leone,43.0306059,11.9521535,
http://www.wikidata.org/entity/Q3531048,Tomba della Tassinara,43.0237,11.9638,
http://www.wikidata.org/entity/Q3603264,abbazia di Sant'Angelo in Formis,41.118242,14.260573,3167446
http://www.wikidata.org/entity/Q3515797,Tarquinia,42.254532,11.758173,
http://www.wikidata.org/entity/Q3621783,Arco di Portogallo,41.9031,12.4796,
http://www.wikidata.org/entity/Q3305261,Melone del Sodo II,43.281205,11.966126,
http://www.wikidata.org/entity/Q3307651,Mevaniola,43.988,11.9044,
http://www.wikidata.org/entity/Q3621967,Area archeologica della Secca di Castrocucco,40.0,15.7167,
http://www.wikidata.org/entity/Q3621969,Area archeologica di Capo la Timpa,40.0,15.7167,
http://www.wikidata.org/entity/Q3608794,Albintimilium,43.78928,7.62674,
http://www.wikidata.org/entity/Q3305262,Melone del Sodo I,43.280264,11.968819,
http://www.wikidata.org/entity/Q3604250,Acerenthia,39.2579,16.814,
http://www.wikidata.org/entity/Q3517663,Tempio del Belvedere,42.7225286,12.1198882,
http://www.wikidata.org/entity/Q3607386,Akrillai,37.03333333,14.68333333,
http://www.wikidata.org/entity/Q3542041,Tumulo di Poggio Gaiella,43.0438,11.9489,
http://www.wikidata.org/entity/Q3531065,Tomba di Boschetti,43.7962,11.0645,
http://www.wikidata.org/entity/Q3531047,Tomba di Mezzavia,43.29157,11.95029,
http://www.wikidata.org/entity/Q3607827,Alba Docilia,44.333841,8.511766,
http://www.wikidata.org/entity/Q3305266,Tumulo di Camucia,43.259869,11.974117,
http://www.wikidata.org/entity/Q3620489,Anxanum,42.2309,14.3903,
http://www.wikidata.org/entity/Q3604871,Ad Duas Lauros,41.878938,12.548943,
http://www.wikidata.org/entity/Q3621786,Arco di Riccardo,45.647809126242,13.768900391705,
http://www.wikidata.org/entity/Q3517526,tempio di Iside,41.132373,14.780887,
http://www.wikidata.org/entity/Q3328227,mura di Vetulonia,42.859064,10.97265,
http://www.wikidata.org/entity/Q3616683,anfiteatro romano di Benevento,41.1324,14.7674,
http://www.wikidata.org/entity/Q3620580,Apeneste,41.716666666667,16.05,
http://www.wikidata.org/entity/Q3346467,Nuraghe Oes,40.479782,8.7745128,
http://www.wikidata.org/entity/Q3531039,tomba della Fibula d'oro,42.879391,10.995749,
http://www.wikidata.org/entity/Q3533772,Torre del Filosofo,37.737937,15.000422,
http://www.wikidata.org/entity/Q3336046,Narce,42.2892,12.4142,
http://www.wikidata.org/entity/Q3531044,Tomba della Montagnola,43.8334,11.2163,
http://www.wikidata.org/entity/Q3531080,tomba della Sirena,42.654360547494,11.639835603638,
http://www.wikidata.org/entity/Q3604732,Acquedotto medievale di Salerno,40.6833,14.7667,
http://www.wikidata.org/entity/Q3531075,Tomba dell'Arciere,43.6239,11.1932,
http://www.wikidata.org/entity/Q3616679,anfiteatro romano di Albano Laziale,41.732719444444,12.664947222222,
http://www.wikidata.org/entity/Q3531077,Tumulo della Cuccumella,42.4147048,11.6429007,
http://www.wikidata.org/entity/Q3618777,Antiquarium di Pompei,40.74854,14.48329,
http://www.wikidata.org/entity/Q3346916,area funeraria fuori Porta Decumana di Aosta,45.7349,7.3121,
http://www.wikidata.org/entity/Q3531026,tomba Galeotti,43.010027,11.949995,
http://www.wikidata.org/entity/Q3605952,Aequum Tuticum,41.24230833,15.0984744,
http://www.wikidata.org/entity/Q3393187,Poggio Civitella,43.0354128,11.4826342,
http://www.wikidata.org/entity/Q3614949,Anaktoron di Pantalica,37.134336111111,15.025666666667,
http://www.wikidata.org/entity/Q3657072,Capitolium,45.539516,10.225602,
http://www.wikidata.org/entity/Q3663173,Catacomba di Calepodio,41.89258,12.4324,
http://www.wikidata.org/entity/Q3663165,Catacomba dei due Felici,41.889967,12.43457,
http://www.wikidata.org/entity/Q3663162,Catacomba dei Giordani,41.924277777778,12.503611111111,
http://www.wikidata.org/entity/Q3663204,Catacombe di San Senatore,41.7231167,12.6639045,
http://www.wikidata.org/entity/Q3663207,Catacombe di San Zotico,41.850465,12.667922,
http://www.wikidata.org/entity/Q3663208,Catacombe di Sant'Alessandro,41.96218889,12.59380278,
http://www.wikidata.org/entity/Q3634894,Barco Borghese,41.815737,12.689823,
http://www.wikidata.org/entity/Q3663174,Catacomba di San Castulo,41.886014,12.525928,
http://www.wikidata.org/entity/Q3621980,Area archeologica di Santa Venera al Pozzo,37.582569444444,15.153866666667,
http://www.wikidata.org/entity/Q3663214,Catacombe di Vigna Randanini,41.8568,12.5185,
http://www.wikidata.org/entity/Q3621976,area archeologica di Notarchirico,40.968636741273,15.888316587983,
http://www.wikidata.org/entity/Q3639672,Biblioteca di papa Agapito I,41.88625833,12.49141111,
http://www.wikidata.org/entity/Q3663170,Catacomba di Novaziano,41.903222,12.519417,
http://www.wikidata.org/entity/Q3663168,Catacomba di Aproniano,41.8727,12.5163,
http://www.wikidata.org/entity/Q3663215,Catacombe di via Anapo,41.9264,12.5062,
http://www.wikidata.org/entity/Q3663848,Cava Lazzaro,36.837562,14.903244,
http://www.wikidata.org/entity/Q3629906,Ausona,41.357025,13.750744,
http://www.wikidata.org/entity/Q3663959,Cave di Cusa,37.61944444,12.7225,
http://www.wikidata.org/entity/Q3663186,Catacomba di Sant'Ippolito,41.907611,12.519861,
http://www.wikidata.org/entity/Q3663190,Catacomba di Trasone,41.920258,12.49901,
http://www.wikidata.org/entity/Q3621974,Area archeologica di Monte Torto,43.49237,13.39079,
http://www.wikidata.org/entity/Q3663191,Catacomba maggiore,41.922780555556,12.518611111111,
http://www.wikidata.org/entity/Q3655761,Cantiere navale romano di Stifone,42.497735,12.492468,
http://www.wikidata.org/entity/Q3663202,Catacombe di San Gaudioso,40.8599,14.249,
http://www.wikidata.org/entity/Q3663185,Catacomba di Sant'Ilaria,41.924278,12.503611,
http://www.wikidata.org/entity/Q3656751,Capanne del Palatino,41.88917222,12.484925,
http://www.wikidata.org/entity/Q3661350,casa protostorica di Fidene,41.9785,12.5123,
http://www.wikidata.org/entity/Q3663167,Catacomba della Nunziatella,41.836333,12.509861,
http://www.wikidata.org/entity/Q3629734,Aula Isiaca,41.8893,12.4868,
http://www.wikidata.org/entity/Q3663178,Catacomba di San Pancrazio,41.885,12.454,
http://www.wikidata.org/entity/Q3632901,Bagni di Nerone,43.72229,10.40195,
http://www.wikidata.org/entity/Q3663197,Catacombe di Pretestato,41.8588,12.5153,
http://www.wikidata.org/entity/Q3663210,Catacombe di Santa Felicita,41.917869,12.497285,
http://www.wikidata.org/entity/Q3663171,Catacomba di Ponziano,41.877506,12.463049,
http://www.wikidata.org/entity/Q3626844,Marruvium,42.0065,13.6276,
http://www.wikidata.org/entity/Q3621979,area archeologica di San Pietro degli Schiavoni,40.6390897,17.9447511,
http://www.wikidata.org/entity/Q3645136,Brixia,45.539166666667,10.225833333333,
http://www.wikidata.org/entity/Q3663166,Catacomba dei Santi Processo e Martiniano,41.886742,12.456312,
http://www.wikidata.org/entity/Q3663164,Catacomba dei Santi Marco e Marcelliano,41.861027,12.5096,
http://www.wikidata.org/entity/Q3663854,Cava di Purcarel,45.42472222,8.05444444,
http://www.wikidata.org/entity/Q3629524,Aufidena,41.784299,14.108223,
http://www.wikidata.org/entity/Q3663188,Catacomba di Santa Mustiola,43.022379164415,11.959930038237,
http://www.wikidata.org/entity/Q3621987,Area dei templi dello Scoglietto,42.6731,11.0511,
http://www.wikidata.org/entity/Q3621981,Area archeologica etrusco-sannitica di Fratte,40.6981,14.7776,
http://www.wikidata.org/entity/Q3663192,catacombe di Commodilla,41.861167,12.483472,
http://www.wikidata.org/entity/Q3629554,Augusta Bagiennorum,44.559186,7.854843,
http://www.wikidata.org/entity/Q3641650,Boira Fusca,45.409388888889,7.6268611111111,
http://www.wikidata.org/entity/Q3636820,battistero paleocristiano di Santa Maria Maggiore,40.74238333,14.66824722,
http://www.wikidata.org/entity/Q3663852,Cava dei Servi,36.944479,14.839528,
http://www.wikidata.org/entity/Q3663182,Catacomba di Sant'Agnese,41.92277778,12.51861111,
http://www.wikidata.org/entity/Q3622428,Argimusco,37.98803,15.042778,
http://www.wikidata.org/entity/Q3663206,catacombe di San Gennaro,40.86418,14.247624,
http://www.wikidata.org/entity/Q3663181,Catacomba di Sant'Ermete,41.923024866448,12.488319405765,
http://www.wikidata.org/entity/Q3663052,Castiglione,36.950552777778,14.650208333333,
http://www.wikidata.org/entity/Q3663169,Catacomba di Balbina,41.861395,12.506242,
http://www.wikidata.org/entity/Q3661636,Case a giardino,41.751884216963,12.284577135211,
http://www.wikidata.org/entity/Q3663189,Catacomba di Santa Tecla,41.851389,12.478861,
http://www.wikidata.org/entity/Q3663187,Catacomba di Santa Caterina d'Alessandria,43.0060903,11.9528958,
http://www.wikidata.org/entity/Q3663179,Catacomba di San Panfilo,41.918419,12.493559,
http://www.wikidata.org/entity/Q3663847,Cava a filo,44.4428267,11.3798385,
http://www.wikidata.org/entity/Q3661716,Caserma dei Vigili della città riomana di Ostia,41.757,12.292,
http://www.wikidata.org/entity/Q3661653,Case romane del Celio,41.8864,12.492,
http://www.wikidata.org/entity/Q3663175,Catacomba di San Nicomede,41.910889,12.507861,
http://www.wikidata.org/entity/Q3626067,Allifae,41.325511,14.334859,
http://www.wikidata.org/entity/Q3663130,Castrum Inui,41.580061111111,12.511169444444,
http://www.wikidata.org/entity/Q3661352,Casa sannitica,40.8061,14.3474,
http://www.wikidata.org/entity/Q3663180,Catacomba di San Valentino,41.924625,12.47286,
http://www.wikidata.org/entity/Q3632904,Bagni greci di Gela,37.072611111111,14.230444444444,
http://www.wikidata.org/entity/Q3663163,Catacomba dei Santi Gordiano ed Epimaco,41.874583,12.506583,
http://www.wikidata.org/entity/Q3663216,Catacombe di Villa Torlonia,41.913948435809,12.509403721724,
http://www.wikidata.org/entity/Q3663177,Catacomba di San Lorenzo,41.902817654283,12.521067579034,
http://www.wikidata.org/entity/Q3663193,Catacombe di Ad Decimum,41.8029531,12.6388251,
http://www.wikidata.org/entity/Q3629514,Auditorium di Mecenate,41.894,12.5014,
http://www.wikidata.org/entity/Q3627904,Aternum,42.460052222222,14.212194166667,
http://www.wikidata.org/entity/Q3663195,Catacombe di Generosa,41.836122,12.432818,
http://www.wikidata.org/entity/Q3661201,Casa dei Grifi,41.889,12.4873,
http://www.wikidata.org/entity/Q3621975,area Archeologica di Poggio del Molino,43.014638888889,10.515527777778,
http://www.wikidata.org/entity/Q3662232,Castellammare della Bruca,40.15,15.18333333,3179660
http://www.wikidata.org/entity/Q3629036,Atrium Libertatis,41.895066,12.483805,
http://www.wikidata.org/entity/Q3661400,Casal Ninfeo,41.874374,12.417173,
http://www.wikidata.org/entity/Q3661216,casa del Chirurgo,40.7516,14.4819,
http://www.wikidata.org/entity/Q3657163,Capo Piccolo,38.912127777778,17.0752,
http://www.wikidata.org/entity/Q3656642,Capaccio Vecchio,40.445317,15.054698,
http://www.wikidata.org/entity/Q3621983,area archeologica la Fenice,43.7123,13.2184,
http://www.wikidata.org/entity/Q3663062,Castiglione di Paludi,39.5427475,16.69747353,
http://www.wikidata.org/entity/Q3661405,Casal Rotondo,41.821,12.556,
http://www.wikidata.org/entity/Q3643147,Bouleuterion di Reggio Calabria,38.11230003652,15.649910464227,
http://www.wikidata.org/entity/Q3663209,Catacombe di Sant'Antioco,39.06961667,8.45075833,
http://www.wikidata.org/entity/Q2260811,Lilibeo,37.8,12.43333,
http://www.wikidata.org/entity/Q2253879,Ipogeo dei Volumni,43.0893,12.4244,
http://www.wikidata.org/entity/Q2005261,nuraghe Ardasai,39.8936207,9.3391085,
http://www.wikidata.org/entity/Q2018627,Arco di Scipione l'Africano,41.892856,12.482808,
http://www.wikidata.org/entity/Q2005263,nuraghe Ispiene,40.77975,8.91627,
http://www.wikidata.org/entity/Q1939638,Mitreo del Circo Massimo,41.88811389,12.48285556,
http://www.wikidata.org/entity/Q2003340,Foro Piscario,41.8927,12.4865,
http://www.wikidata.org/entity/Q2026618,Norba latina,41.592248,12.962333,10300667
http://www.wikidata.org/entity/Q1889050,necropoli di Mandra Antine,40.51516667,8.62983333,
http://www.wikidata.org/entity/Q1945932,Monte Sirai,39.183334,8.483334,
http://www.wikidata.org/entity/Q2249182,Insula dell'Ara Coeli,41.8941,12.4823,
http://www.wikidata.org/entity/Q2208867,dolmen di Sa Coveccada,40.50826111,8.86669167,
http://www.wikidata.org/entity/Q2106396,area archeologica di Potentia,43.4141,13.67118,
http://www.wikidata.org/entity/Q1934788,pozzo sacro di Milis,40.99344444,9.62847222,
http://www.wikidata.org/entity/Q1989713,Hippana,37.70305556,13.43611111,
http://www.wikidata.org/entity/Q2037271,Portus,41.77916667,12.26666667,8015120
http://www.wikidata.org/entity/Q1844125,Basilica di Nettuno,41.898235,12.476789,
http://www.wikidata.org/entity/Q2005277,nuraghe Tanca Manna,40.31144,9.324646,
http://www.wikidata.org/entity/Q1980093,Basilica Argentaria,41.894094,12.484411,
http://www.wikidata.org/entity/Q1975256,necropoli di Filigosa,40.27805556,8.76916667,
http://www.wikidata.org/entity/Q2065939,Spina,44.69305556,12.10111111,
http://www.wikidata.org/entity/Q1975266,necropoli di Moseddu,40.48591389,8.73053056,
http://www.wikidata.org/entity/Q2184057,Horti Lolliani,41.900694,12.497861,
http://www.wikidata.org/entity/Q1882599,Macellum,40.750077,14.484728,
http://www.wikidata.org/entity/Q1749976,villaggio nuragico di Serra Orrios,40.333833333333,9.5376111111111,
http://www.wikidata.org/entity/Q2000309,tempio di Zeus Olimpio,37.2908,13.5844,
http://www.wikidata.org/entity/Q2222846,area archeologica di Santa Cristina,40.0611421,8.7309719,
http://www.wikidata.org/entity/Q1872737,complesso nuragico di Lu Brandali,41.233777777778,9.1745277777778,
http://www.wikidata.org/entity/Q1984985,arco di Marco Aurelio,41.9015,12.480472,
http://www.wikidata.org/entity/Q1807870,Saepinum,41.433758,14.618444,7289564
http://www.wikidata.org/entity/Q2254425,Vescia,41.19066,13.92925,3164496
http://www.wikidata.org/entity/Q2202658,Teatro romano di Neapolis,40.85235375,14.25668389,
http://www.wikidata.org/entity/Q2262528,Entella,37.774051,13.1219,
http://www.wikidata.org/entity/Q1924755,Meta Sudans,41.89008333,12.49066667,
http://www.wikidata.org/entity/Q1805723,Laos,39.7675,15.83055556,11952436
http://www.wikidata.org/entity/Q2248597,Schola Armaturarum (III.3.6),40.75166667,14.49166667,
http://www.wikidata.org/entity/Q2176743,teatro romano di Spoleto,42.7331,12.73489,10288493
http://www.wikidata.org/entity/Q1995244,complesso archeologico di Noddule,40.387222222222,9.2836111111111,
http://www.wikidata.org/entity/Q2122537,Tempio delle Ninfe,41.89513611,12.47871667,
http://www.wikidata.org/entity/Q2113739,nuraghe Izzana,40.96872222,9.05951389,
http://www.wikidata.org/entity/Q2129565,Terme Deciane,41.88331,12.48433,
http://www.wikidata.org/entity/Q1943721,Molpa,40.032024,15.303995,
http://www.wikidata.org/entity/Q2005274,Su Mulinu,39.6397819,8.9998856,
http://www.wikidata.org/entity/Q1817943,ara di Ierone,37.074405,15.27723,10344495
http://www.wikidata.org/entity/Q1817134,Giganti di Mont'e Prama,39.965778,8.448278,
http://www.wikidata.org/entity/Q2051115,Castello d'Alceste,40.646685,17.704167,
http://www.wikidata.org/entity/Q2222749,pozzo sacro di Sant'Anastasia,39.6166861,8.8199138,
http://www.wikidata.org/entity/Q1997405,Norchia,42.34055556,11.94305556,
http://www.wikidata.org/entity/Q2104896,Porta San Giovanni,41.88583333,12.50916667,
http://www.wikidata.org/entity/Q2223903,necropoli di Sant'Andrea Priu,40.42137222,8.84691667,
http://www.wikidata.org/entity/Q2107419,Preneste,41.839484,12.892308,
http://www.wikidata.org/entity/Q1830216,Tempio della Gens Flavia,41.9019,12.4907,
http://www.wikidata.org/entity/Q1822577,tomba dei giganti di Li Lolghi,41.066701,9.333687,
http://www.wikidata.org/entity/Q1945976,Monte d'Accoddi,40.7906971,8.4489274,
http://www.wikidata.org/entity/Q2155879,Porticus Margaritaria,41.891111111111,12.487777777778,
http://www.wikidata.org/entity/Q2208873,nuraghe Sa Mandra ’e sa Giua,40.676969,8.600374,
http://www.wikidata.org/entity/Q2223289,santuario nuragico di Santa Vittoria,39.71313,9.10689,
http://www.wikidata.org/entity/Q2210194,Sabucina,37.50244,14.119363,
http://www.wikidata.org/entity/Q2107814,Complesso archeologico di Pranu Muttedu,39.567636,9.267997,
http://www.wikidata.org/entity/Q1801594,tomba dei giganti di Sa Domu 'e S'Orcu,39.6860984,8.8711487,
http://www.wikidata.org/entity/Q1816439,Timpone della Motta,39.8078,16.3686,7910532
http://www.wikidata.org/entity/Q2005268,nuraghe Orolio,40.29222222,8.90194444,
http://www.wikidata.org/entity/Q1939738,mitreo delle Terme di Mitra,41.754138888889,12.285166666667,
http://www.wikidata.org/entity/Q2179675,Villa romana di San Paolo,46.46972222,11.25833333,
http://www.wikidata.org/entity/Q2165460,Villa Jovis,40.55823,14.262628,10376261
http://www.wikidata.org/entity/Q2208879,pozzo sacro di Sa Testa,40.93463333,9.54611111,
http://www.wikidata.org/entity/Q2137162,Satricum,41.5131,12.7551,
http://www.wikidata.org/entity/Q2108294,pozzo sacro di Predio Canopoli,40.82861111,8.88611111,
http://www.wikidata.org/entity/Q1920365,Mendolito,37.698173,14.80656,
http://www.wikidata.org/entity/Q2205213,Capo di Bove,41.8481419,12.5209685,
http://www.wikidata.org/entity/Q1782566,Sulki,39.066666666667,8.45,
http://www.wikidata.org/entity/Q1945735,complesso archeologico di Monte Baranta,40.631933,8.396644,
http://www.wikidata.org/entity/Q2113742,Nuraghe Orgono,40.128793,8.8583667,
http://www.wikidata.org/entity/Q1777094,Horti Lamiani,41.8945,12.5047,
http://www.wikidata.org/entity/Q2144316,anfiteatro romano di Luni,44.0626,10.0224,
http://www.wikidata.org/entity/Q1892101,Arco di Augusto,45.1361,7.04294,
http://www.wikidata.org/entity/Q2236915,Villa di Patti,38.14916667,14.97194444,
http://www.wikidata.org/entity/Q2056141,parco archeologico Passo di Corvo,41.553032,15.611277,
http://www.wikidata.org/entity/Q1999962,Horti Maecenatis,41.893888888889,12.501388888889,
http://www.wikidata.org/entity/Q1238769,Domus Transitoria,41.8886,12.4859,
http://www.wikidata.org/entity/Q370713,tumulo di Montecalvario,43.4725,11.2838,
http://www.wikidata.org/entity/Q865916,Menhir di Biru 'e Concas,40.01083,9.03156,
http://www.wikidata.org/entity/Q162353,Arco di Settimio Severo,41.892777777778,12.484722222222,6269255
http://www.wikidata.org/entity/Q255343,chiesa di Sant'Aspreno al Porto,40.84428,14.25502,
http://www.wikidata.org/entity/Q828143,Tempio della Concordia,41.892930555556,12.484244444444,
http://www.wikidata.org/entity/Q216568,Fori Imperiali,41.89444444,12.48555556,
http://www.wikidata.org/entity/Q770847,Mausoleo di Augusto,41.90611,12.47639,6269266
http://www.wikidata.org/entity/Q1241278,Horti Sallustiani,41.908083333333,12.496916666667,
http://www.wikidata.org/entity/Q352845,Grotta dell'Addaura,38.18640833,13.35306389,
http://www.wikidata.org/entity/Q1398480,Volsinii,42.6447,11.9858,
http://www.wikidata.org/entity/Q3895457,parco archeologico del Castellammare,38.205575,13.36739167,
http://www.wikidata.org/entity/Q1238767,Domus Tiberiana,41.89024,12.48623,
http://www.wikidata.org/entity/Q383071,Aquae Cutiliae,42.380104,13.008757,
http://www.wikidata.org/entity/Q766840,Juvanum,41.997895,14.249799,11153681
http://www.wikidata.org/entity/Q1241176,Foro Olitorio,41.891111111111,12.48,
http://www.wikidata.org/entity/Q1266234,basilica Ulpia,41.895556,12.484572,
http://www.wikidata.org/entity/Q1232473,Ludus Magnus,41.89,12.495,8015119
http://www.wikidata.org/entity/Q786489,Regia,41.891944444444,12.486388888889,
http://www.wikidata.org/entity/Q1364594,Villa di Lucullo,41.9065,12.4834,
http://www.wikidata.org/entity/Q380497,Aeculanum,41.054035,15.010536,
http://www.wikidata.org/entity/Q751318,Porta Maggiore,41.8914573,12.5152419,8015088
http://www.wikidata.org/entity/Q122664,Tomba dei Leopardi,42.2486,11.7716,
http://www.wikidata.org/entity/Q207808,Circo Massimo,41.8859,12.4857,6269249
http://www.wikidata.org/entity/Q1241207,portico di Ottavia,41.892436,12.478533,
http://www.wikidata.org/entity/Q867156,Ciampate del Diavolo,41.332533,14.024577,
http://www.wikidata.org/entity/Q1385554,Plestia,43.031177,12.90372,
http://www.wikidata.org/entity/Q243456,Cuma,40.848611,14.053611,3177706
http://www.wikidata.org/entity/Q43332,Pompei,40.750556,14.489722,3170336
http://www.wikidata.org/entity/Q1235515,Villa dei Quintili,41.8314288,12.552482,8015044
http://www.wikidata.org/entity/Q1239561,Tauriana,38.39444444,15.87138889,
http://www.wikidata.org/entity/Q5473073,Forum Novum,42.3306,12.6039,11847731
http://www.wikidata.org/entity/Q200642,Palatino,41.888333333333,12.486944444444,3171655
http://www.wikidata.org/entity/Q285196,Casa delle Vestali,41.891388888889,12.486666666667,
http://www.wikidata.org/entity/Q1383830,Partenope,40.833333,14.25,
http://www.wikidata.org/entity/Q3895459,parco archeologico del Lago dell'Accesa,42.99078889,10.90422778,
http://www.wikidata.org/entity/Q5915068,Praedia di Giulia Felice,40.7519,14.4933,
http://www.wikidata.org/entity/Q123433,sinagoga di Ostia Antica,41.7592566,12.3006178,
http://www.wikidata.org/entity/Q1235116,Lupercale,41.888056,12.484444,
http://www.wikidata.org/entity/Q1292498,Kaulon,38.446354,16.57791,
http://www.wikidata.org/entity/Q318659,Abella,40.95897,14.589359,
http://www.wikidata.org/entity/Q1413204,giacimenti fossiliferi di Bolca,45.595277777778,11.21,
http://www.wikidata.org/entity/Q1238780,Domus dei tappeti di pietra,44.418987,12.194545,
http://www.wikidata.org/entity/Q1233638,Orologio di Augusto,41.900555555556,12.478611111111,
http://www.wikidata.org/entity/Q1347586,Villa dei Papiri,40.806666666667,14.345555555556,
http://www.wikidata.org/entity/Q1232346,Arco di Augusto,41.891895,12.485994,
http://www.wikidata.org/entity/Q318664,Abellinum,40.92212,14.83123,
http://www.wikidata.org/entity/Q752555,tempio di Antonino e Faustina,41.892138888889,12.486688888889,8224900
http://www.wikidata.org/entity/Q1233293,Naxos,37.823989,15.273976,
http://www.wikidata.org/entity/Q1349926,Sinuessa,41.153941536511,13.847624066426,
http://www.wikidata.org/entity/Q754314,Tusculum,41.798333333333,12.710833333333,10376743
http://www.wikidata.org/entity/Q810067,"Basilica Cristiana (III,I,4)",41.753,12.2865,
http://www.wikidata.org/entity/Q1270818,Tempio di Domu de Orgia,39.74868719,9.32724239,
http://www.wikidata.org/entity/Q1239505,area archeologica di San Genesio,43.693244,10.884318,
http://www.wikidata.org/entity/Q859383,Cento Camerelle,40.79821,14.08409,
http://www.wikidata.org/entity/Q253241,area archeologica di Su Nuraxi,39.7028565,8.9998843,
http://www.wikidata.org/entity/Q329967,Paestum,40.42,15.005555555556,3171709
http://www.wikidata.org/entity/Q1232467,Lacus Curtius,41.892345,12.485106,
http://www.wikidata.org/entity/Q808819,tomba dei giganti di Barrancu Mannu,39.09972222,8.76861111,
http://www.wikidata.org/entity/Q1238776,Domus di Giove e Ganimede,41.754736,12.288323,
http://www.wikidata.org/entity/Q770797,Foro di Augusto,41.894166666667,12.486666666667,11978578
http://www.wikidata.org/entity/Q1235877,dolmen di Motorra,40.30621181,9.57522611,
http://www.wikidata.org/entity/Q381873,Aesernia,41.594348,14.230823,
http://www.wikidata.org/entity/Q854843,Kamarina,36.872287,14.447788,8063309
http://www.wikidata.org/entity/Q1407567,tumulo di Montefortini,43.7928,11.0649,
http://www.wikidata.org/entity/Q178813,scavi archeologici di Ercolano,40.806111,14.3475,3177364
http://www.wikidata.org/entity/Q10285,Colosseo,41.890277777778,12.492222222222,6269248
http://www.wikidata.org/entity/Q1219688,Tempio di Vesta,41.9667,12.8009,
http://www.wikidata.org/entity/Q205840,Umbilicus Urbis Romae,41.892722,12.484556,
http://www.wikidata.org/entity/Q1338582,Porta Pia,41.90930344757,12.501301830685,
http://www.wikidata.org/entity/Q849241,Tempio di Portuno,41.88926,12.480908,11920020
http://www.wikidata.org/entity/Q784000,Tempio della Sibilla,41.9669,12.8009,10288744
http://www.wikidata.org/entity/Q1234446,Settizonio,41.885633,12.488719,
http://www.wikidata.org/entity/Q5431857,Falerii Novi,42.299534,12.359121,
http://www.wikidata.org/entity/Q180212,Foro Romano,41.8922,12.4852,6269259
http://www.wikidata.org/entity/Q249991,Domus di Amore e Psiche,41.754044,12.286057,
http://www.wikidata.org/entity/Q123065,nuraghe Antigori,39.09527778,9.00472222,
http://www.wikidata.org/entity/Q1369420,necropoli di Montessu,39.13333333,8.66861111,
http://www.wikidata.org/entity/Q1235868,Dolmen della Chianca,41.194099,16.487324,
http://www.wikidata.org/entity/Q856968,Foro di Cesare,41.894008,12.484936,
http://www.wikidata.org/entity/Q272777,Villa Adriana,41.941944,12.775278,7506720
http://www.wikidata.org/entity/Q1227764,Paedagogium,41.8877,12.4854,
http://www.wikidata.org/entity/Q774929,Tomba François,42.4174,11.6391,
http://www.wikidata.org/entity/Q192784,Colonna Traiana,41.895833333333,12.484166666667,
http://www.wikidata.org/entity/Q1238778,Domus della Fortuna Annonaria,41.754,12.2905,
http://www.wikidata.org/entity/Q833021,Venafrum,41.48555556,14.03972222,
http://www.wikidata.org/entity/Q333923,abbazia di Fruttuaria,45.222466,7.782073,
http://www.wikidata.org/entity/Q72356,Poggiomarino,40.8,14.55,6538766
http://www.wikidata.org/entity/Q810068,Basilica Porcia,41.89331944,12.48481944,
http://www.wikidata.org/entity/Q836108,Terme di Diocleziano,41.90277778,12.49833333,8015092
http://www.wikidata.org/entity/Q278579,Acquedotto Appio,41.887846,12.480973,
http://www.wikidata.org/entity/Q287041,Catacombe di Domitilla,41.85891389,12.50552778,
http://www.wikidata.org/entity/Q338397,Tempio del Divo Romolo,41.891997,12.487397,
http://www.wikidata.org/entity/Q281330,mura serviane,41.901666666667,12.501666666667,
http://www.wikidata.org/entity/Q5786,Arco di Costantino,41.889828,12.490605,8410591
http://www.wikidata.org/entity/Q371921,basilica di Massenzio,41.891944444444,12.488333333333,6269253
http://www.wikidata.org/entity/Q43474,Area archeologica di San Giovenale,42.22444444,11.99972222,
http://www.wikidata.org/entity/Q753791,Tempio di Vesta,41.891707,12.486206,10278740
http://www.wikidata.org/entity/Q1352586,Lavinium,41.6531,12.4726,
http://www.wikidata.org/entity/Q752696,teatro romano di Trieste,45.649036,13.770289,
http://www.wikidata.org/entity/Q220583,parco archeologico di Sibari,39.716564,16.493696,2523123
http://www.wikidata.org/entity/Q781595,Monte Testaccio,41.875952,12.475694,8224820
http://www.wikidata.org/entity/Q833875,Casa di Livia,41.88930556,12.48562778,
http://www.wikidata.org/entity/Q1240860,Monte Pruno,40.4118309,15.3628179,8959242
http://www.wikidata.org/entity/Q1378823,Tomba dei giganti di Is Concias,39.25755,9.35975,
http://www.wikidata.org/entity/Q1296971,tomba dei giganti di Imbertighe,40.20833333,8.80638889,
http://www.wikidata.org/entity/Q810069,Basilica Sempronia,41.891942,12.484728,
http://www.wikidata.org/entity/Q177061,Amiternum,42.400776,13.305769,8133994
http://www.wikidata.org/entity/Q94574,Aula Regia,41.8891,12.487,
http://www.wikidata.org/entity/Q2914373,Caere,42.001666666667,12.108333333333,3178999
http://www.wikidata.org/entity/Q2887175,basilica sotterranea di Porta Maggiore,41.89114,12.515484,
http://www.wikidata.org/entity/Q2319979,santuario di Portonaccio,42.02111111,12.39083333,10339082
http://www.wikidata.org/entity/Q2699249,Tempio di Apollo,40.7492,14.4844,
http://www.wikidata.org/entity/Q2287023,Clivus Capitolinus,41.8925,12.4838,
http://www.wikidata.org/entity/Q3267604,Luni sul Mignone,42.225791666667,11.933022222222,
http://www.wikidata.org/entity/Q2274328,Suessula,40.98985278,14.39816944,
http://www.wikidata.org/entity/Q2823446,Acquarossa,42.48333333,12.13333333,
http://www.wikidata.org/entity/Q2366679,Clivus Argentarius,41.89365556,12.48450556,
http://www.wikidata.org/entity/Q3265119,Luceria,44.608967,10.411804,
http://www.wikidata.org/entity/Q3265994,Lucus Feroniae,42.128323,12.596635,
http://www.wikidata.org/entity/Q2828269,Area Archeologica di Cortona,43.260214,11.973653,
http://www.wikidata.org/entity/Q2941392,Castello Barbarossa,40.555911,14.226819,
http://www.wikidata.org/entity/Q2350404,Sassi di Matera,40.6667,16.6083,10629174
http://www.wikidata.org/entity/Q2391818,Tempio di Matidia,41.89955,12.47799,
http://www.wikidata.org/entity/Q2391849,complesso nuragico di Tamuli,40.26083333,8.71777778,
http://www.wikidata.org/entity/Q3136685,Capua,41.086242,14.250357,
http://www.wikidata.org/entity/Q3074203,Tempio di Traiano,41.89555556,12.48583333,
http://www.wikidata.org/entity/Q2844406,Anfiteatro romano di Catania,37.507361,15.085417,10282013
http://www.wikidata.org/entity/Q2518014,Terina,38.944865,16.238922,
http://www.wikidata.org/entity/Q2361327,fonte sacra Su Tempiesu,40.41138889,9.41305556,
http://www.wikidata.org/entity/Q2280372,Nomentum,42.033728,12.6444485,
http://www.wikidata.org/entity/Q3214569,Labirinto di Porsenna,43.0153,11.9486,
http://www.wikidata.org/entity/Q3117098,Grotta Guattari,41.23134613,13.09321404,
http://www.wikidata.org/entity/Q2802986,Terme del Faro,41.7528,12.2904,
http://www.wikidata.org/entity/Q2513101,Venusia,40.961051,15.818321,
http://www.wikidata.org/entity/Q2525951,Villa di Diomede,40.7523864,14.4787071,
http://www.wikidata.org/entity/Q2428630,Corfinium,42.11739,13.835249,11153691
http://www.wikidata.org/entity/Q2382880,tomba dei giganti di S'Ena e Thomes,40.37902,9.51533,
http://www.wikidata.org/entity/Q2288275,Tempio di Iside al Campo Marzio,41.89721,12.4791,
http://www.wikidata.org/entity/Q3005966,Criptoportico forense,45.7379,7.31733,
http://www.wikidata.org/entity/Q2382870,Complesso di S'Arcu 'e Is Forros,40.00245,9.400644,
http://www.wikidata.org/entity/Q2408856,Parco della Preistoria,45.4736,9.49972,
http://www.wikidata.org/entity/Q2459870,Tempio di Venere Genitrice,41.894194444444,12.484805555556,
http://www.wikidata.org/entity/Q3053354,Emporium,41.880649,12.473724,
http://www.wikidata.org/entity/Q3003706,Cromlech del Piccolo San Bernardo,45.680406,6.883931,
http://www.wikidata.org/entity/Q2267957,Ripoli,42.82611111,13.89,
http://www.wikidata.org/entity/Q2873418,Aveia,42.3,13.48972222,
http://www.wikidata.org/entity/Q2366205,Porticus Aemilia,41.880111111111,12.473611111111,
http://www.wikidata.org/entity/Q3040241,Drepanon,38.015,12.5125,
http://www.wikidata.org/entity/Q2860782,Vetulonia,42.8625,10.975,
http://www.wikidata.org/entity/Q2425141,abbazia di San Vincenzo al Volturno,41.62874,14.091198,11594011
http://www.wikidata.org/entity/Q2974903,Cività di Tricarico,40.6375988,16.0588417,
http://www.wikidata.org/entity/Q3110479,Gonfienti,43.8556,11.1325,
http://www.wikidata.org/entity/Q2274063,complesso nuragico di Seruci,39.24916667,8.42444444,
http://www.wikidata.org/entity/Q2941534,Castrum Novum,42.0371178,11.8338331,
http://www.wikidata.org/entity/Q2440615,Tomba del Triclinio,42.24875,11.7716,
http://www.wikidata.org/entity/Q3019577,Area archeologica di Fiesole,43.808005555556,11.293927777778,
http://www.wikidata.org/entity/Q3035640,Domus dei Coiedii,43.62508,12.98491,
http://www.wikidata.org/entity/Q2595680,Tempio di Bellona,41.89241,12.47989,
http://www.wikidata.org/entity/Q2904892,Bithia,38.89583333,8.88527778,
http://www.wikidata.org/entity/Q2363459,Villa di Massenzio,41.855474242484,12.519411878046,8015042
http://www.wikidata.org/entity/Q2382902,villaggio nuragico di S'Urbale,40.08444444,9.11,
http://www.wikidata.org/entity/Q2310019,Arco di Tiberio,41.892339,12.484253,
http://www.wikidata.org/entity/Q2440621,tomba degli Auguri,42.23818,11.79473,
http://www.wikidata.org/entity/Q2552044,Area sacra di Sant’Omobono,41.89062,12.48126,8015152
http://www.wikidata.org/entity/Q2844414,anfiteatro romano di Lucera,41.508256,15.344853,
http://www.wikidata.org/entity/Q2368929,Clivus Scauri,41.8864,12.4915,
http://www.wikidata.org/entity/Q2860778,Roselle,42.827179501921,11.159305804001,3168944
http://www.wikidata.org/entity/Q3144282,Tomba di san Manno,43.103055555556,12.350277777778,
http://www.wikidata.org/entity/Q3007659,Curia di Pompeo,41.8953,12.475,
http://www.wikidata.org/entity/Q3073505,Ocriculum,42.41127014,12.46708965,9587430
http://www.wikidata.org/entity/Q2832670,Lanuvium,41.67469,12.69758,
http://www.wikidata.org/entity/Q2511181,sito archeologico di Vassallaggi,37.47043,13.947573,
http://www.wikidata.org/entity/Q2361303,fonte sacra di Su Lumarzu,40.42305556,8.8125,
http://www.wikidata.org/entity/Q3129154,Heba,42.586,11.308,
http://www.wikidata.org/entity/Q2462868,catacombe di Priscilla,41.9297,12.5087,7303818
http://www.wikidata.org/entity/Q2859314,Ara della Regina,42.2588,11.8017,
http://www.wikidata.org/entity/Q3748443,Foro di Pompei,40.74944722,14.484825,
http://www.wikidata.org/entity/Q3777010,grotta Paglicci,41.654406944444,15.615198888889,
http://www.wikidata.org/entity/Q3777114,grotte dell'Annunziata,42.85168,13.57307,11838179
http://www.wikidata.org/entity/Q3691795,Coppa Nevigata,41.55810556,15.83393889,
http://www.wikidata.org/entity/Q3677506,Circo romano di Aquileia,45.775007,13.361778,
http://www.wikidata.org/entity/Q3777057,Grotta di Bergeggi,44.242878,8.444899,
http://www.wikidata.org/entity/Q3735926,Excubitorium,41.888769,12.474452,
http://www.wikidata.org/entity/Q3685232,Complesso episcopale del patriarca Callisto,46.093,13.43193,
http://www.wikidata.org/entity/Q3719160,edificio di Eumachia,40.7491654,14.485323,
http://www.wikidata.org/entity/Q3777122,grotte di Collepardo,41.75846,13.36581,
http://www.wikidata.org/entity/Q3678243,Cisterne romane di Fermo,43.16122,13.71945,
http://www.wikidata.org/entity/Q3678427,Città d'Ombria,44.612712,9.804482,
http://www.wikidata.org/entity/Q3777094,Grotta di San Teodoro,38.05,14.591319,
http://www.wikidata.org/entity/Q3792526,Ikuvium,43.35201,12.57255,
http://www.wikidata.org/entity/Q3672056,chiesa di San Silvestro,42.82723618,11.15942478,
http://www.wikidata.org/entity/Q3664371,Cencelle,42.195345,11.858372,
http://www.wikidata.org/entity/Q3713394,Domus Severiana,41.8866,12.4878,
http://www.wikidata.org/entity/Q3683400,Colombario costantiniano,41.8567297,12.5294367,
http://www.wikidata.org/entity/Q3777097,Grotta di Santa Croce,41.177055,16.469138,
http://www.wikidata.org/entity/Q3681712,Cluviae,42.1286,14.2653,
http://www.wikidata.org/entity/Q3682738,Colle Madore,37.747448294663,13.620935789365,
http://www.wikidata.org/entity/Q3713393,Domus Praeconum,41.887416666667,12.485083333333,
http://www.wikidata.org/entity/Q3748410,Fornaci romane di Eboli,40.62209,15.05428,
http://www.wikidata.org/entity/Q3738339,Fagifulae,41.657876,14.667625,
http://www.wikidata.org/entity/Q3777121,Grotte di Catullo,45.501453,10.606448,
http://www.wikidata.org/entity/Q3785880,Histonium,42.11158889,14.70821944,
http://www.wikidata.org/entity/Q3777043,Grotta dell'Uzzo,38.1100456,12.7867371,
http://www.wikidata.org/entity/Q3777019,Grotta del Broion,45.4671937,11.5889001,
http://www.wikidata.org/entity/Q3748446,Foro romano di Aquileia,45.774296,13.365506,
http://www.wikidata.org/entity/Q3786804,Horrea piperiana,41.89171389,12.48791944,
http://www.wikidata.org/entity/Q3713398,Domus del Triclinio,44.413865,12.19994,
http://www.wikidata.org/entity/Q3748871,Forum Appii,41.46639,12.9975,
http://www.wikidata.org/entity/Q3786835,Horti Maiani,41.727833,12.5047,
http://www.wikidata.org/entity/Q3777120,grotte di Castelcivita,40.49549,15.20916,10402410
http://www.wikidata.org/entity/Q3786836,Horti Pallantiani,41.8965,12.504694,
http://www.wikidata.org/entity/Q3776993,grotta Calafarina,36.72176,15.11711,2525467
http://www.wikidata.org/entity/Q3777909,Gruppo di edifici domizianei nel Foro Romano,41.89115,12.48533333,
http://www.wikidata.org/entity/Q3748449,Foro romano di Catania,37.50182778,15.08157778,
http://www.wikidata.org/entity/Q3777134,Grotte di Torri,42.2021,12.6713,
http://www.wikidata.org/entity/Q3785099,Heraion alla foce del Sele,40.4885,14.9697,
http://www.wikidata.org/entity/Q3713397,Domus del Mito,43.66291,12.41155,
http://www.wikidata.org/entity/Q3669551,chiesa di San Bartolomeo a Montecurliano,42.82203674,11.15713692,
http://www.wikidata.org/entity/Q3695259,Costa Balenae,43.83547,7.86798,
http://www.wikidata.org/entity/Q3679783,Claterna,44.434435,11.504509,
http://www.wikidata.org/entity/Q3712687,Dolmen di Albarosa,41.18563056,16.48497222,
http://www.wikidata.org/entity/Q3683402,Colombarium,40.846035,14.21046,
http://www.wikidata.org/entity/Q3685188,Complesso archeologico di Baia,40.817432,14.070045,
http://www.wikidata.org/entity/Q3748882,Forum Popilii,41.17202,13.966869,
http://www.wikidata.org/entity/Q3748448,Foro romano di Milano,45.463531,9.18571,
http://www.wikidata.org/entity/Q3696398,Cozzo Collura,37.101508333333,15.131536111111,
http://www.wikidata.org/entity/Q3685190,complesso archeologico di San Pietro a Corte,40.68,14.7575,
http://www.wikidata.org/entity/Q3761724,Ghiaccio Forte,42.606583333333,11.393583333333,
http://www.wikidata.org/entity/Q3685189,complesso archeologico di Sa Figu,40.604722,8.589722,
http://www.wikidata.org/entity/Q3713403,Domus e mosaico del Leone,42.65838056,13.70570278,
http://www.wikidata.org/entity/Q3670193,chiesa di San Gaetano alle Grotte,37.50873,15.08827,
http://www.wikidata.org/entity/Q3752472,Frattesina,45.0251,11.652628,
http://www.wikidata.org/entity/Q3761234,Geronio,41.7522,14.8906,
http://www.wikidata.org/entity/Q3684377,Comino,42.187244,14.190785,3178234
http://www.wikidata.org/entity/Q3699071,Cubulteria,41.251934,14.327125,
http://www.wikidata.org/entity/Q3678794,Civita di Grotte di Castro,42.671157,11.88403,
http://www.wikidata.org/entity/Q3745777,Finziade,37.100146,13.931719,
http://www.wikidata.org/entity/Q3786833,Horti Calyclani,41.896667,12.504222,
http://www.wikidata.org/entity/Q3786837,Horti Tauriani,41.896667,12.504222,
http://www.wikidata.org/entity/Q3748440,Foro civile di Preneste,41.83921111,12.89225833,
http://www.wikidata.org/entity/Q3784754,Helvia Recina,43.327956,13.424089,
http://www.wikidata.org/entity/Q3786834,Horti Epaphroditiani,41.894944,12.508306,
http://www.wikidata.org/entity/Q3685231,Complesso di via in Arcione,41.901862,12.485611,
http://www.wikidata.org/entity/Q3765095,Gioiosa Guardia,38.1507353,14.9305074,
http://www.wikidata.org/entity/Q3712685,dolmen di Monte Longu,40.27873611,9.60089167,
http://www.wikidata.org/entity/Q3748408,Fornaci di laterizi Maxia,39.244166666667,9.1794444444444,
http://www.wikidata.org/entity/Q3777018,Grotta dei Cervi,40.082777777778,18.485,
http://www.wikidata.org/entity/Q3777116,Grotte della Gurfa,37.748946,13.754089,
http://www.wikidata.org/entity/Q3782343,Habitat rupestre di Mottola,40.6115923,17.0624428,
http://www.wikidata.org/entity/Q3731327,eremo di Monte Turcisi,37.497211534227,14.749832590647,
http://www.wikidata.org/entity/Q3667401,Chiafura,36.7912167,14.7100241,
http://www.wikidata.org/entity/Q3677502,Circo di Bovillae,41.75751,12.62171,
http://www.wikidata.org/entity/Q3786801,Horrea Agrippiana,41.89083056,12.48505278,
http://www.wikidata.org/entity/Q3748447,Foro romano di Brescia,45.539166666667,10.225833333333,
http://www.wikidata.org/entity/Q3673117,antica chiesa di Santa Lucia,42.819277,11.138942,
http://www.wikidata.org/entity/Q3664490,Centopietre,39.83765278,18.33623333,
http://www.wikidata.org/entity/Q3763989,Gibil Gabib,37.450667707411,14.077856759987,
http://www.wikidata.org/entity/Q3683551,colonne romane di Brindisi,40.6410982,17.9467584,
http://www.wikidata.org/entity/Q3760818,Geosito archeologico di Bard,45.60589,7.74752,
http://www.wikidata.org/entity/Q3712683,Dolmen Frisari,41.18025278,16.50968889,
http://www.wikidata.org/entity/Q3775818,Grassera,42.82619167,10.41545833,
http://www.wikidata.org/entity/Q3706276,Devia,41.906092,15.618806,
http://www.wikidata.org/entity/Q3664410,cenotafio di Annia Regilla,41.8653,12.5165,
http://www.wikidata.org/entity/Q3713399,Domus del chirurgo,44.061863,12.56819,
http://www.wikidata.org/entity/Q3678238,Cisterna delle Sette Sale,41.89341389,12.49654167,
http://www.wikidata.org/entity/Q3861275,Monte Calvario,46.550892,12.448261,
http://www.wikidata.org/entity/Q3879887,area archeologica di Nuraghe Mannu,40.293777,9.589241,
http://www.wikidata.org/entity/Q3867715,Museo archeologico nazionale di Luni,44.0644,10.0171,
http://www.wikidata.org/entity/Q3874152,necropoli di Montalè,40.74825556,8.51122778,
http://www.wikidata.org/entity/Q3874162,necropoli di San Clemente,40.73333333,14.66666667,
http://www.wikidata.org/entity/Q3867262,mura di Cosa,42.4136512,11.2885909,
http://www.wikidata.org/entity/Q3844872,Mansio ad Vacanas,42.126638888889,12.360138888889,
http://www.wikidata.org/entity/Q3826115,Lagozza di Besnate,45.7063,8.74901,
http://www.wikidata.org/entity/Q3801615,Ipogeo di via Livenza,41.91357778,12.49589167,
http://www.wikidata.org/entity/Q3801610,Ipogeo di Trebio Giusto,41.87388889,12.51583333,
http://www.wikidata.org/entity/Q3801607,Ipogeo degli Ottavi,41.9631,12.4062,
http://www.wikidata.org/entity/Q3830644,Leontinoi,37.285478,14.998115,
http://www.wikidata.org/entity/Q3891134,Palazzo a Mare,40.5584,14.23489167,
http://www.wikidata.org/entity/Q3880841,Odeon,37.50297222,15.08283333,
http://www.wikidata.org/entity/Q3879892,nuraghe Serbissi,39.823463,9.496776,
http://www.wikidata.org/entity/Q3859480,Mitreo di Duino,45.71578,13.733121,
http://www.wikidata.org/entity/Q3877101,Ninfeo di Alessandro,41.895262,12.503677,
http://www.wikidata.org/entity/Q3852984,tomba romana del Carmine,37.50977,15.08924,
http://www.wikidata.org/entity/Q3879893,nuraghe S'Ulimu,39.6542,9.5729,
http://www.wikidata.org/entity/Q3874146,necropoli di Coccitelle,42.000704,13.808328,
http://www.wikidata.org/entity/Q3867339,Mura romane di Milano,45.465074,9.17851,
http://www.wikidata.org/entity/Q3867240,Mura Timoleontee,37.07128056,14.22359722,
http://www.wikidata.org/entity/Q3874142,necropoli del tempio di Antonino Pio e Faustina,41.89199722,12.48688056,
http://www.wikidata.org/entity/Q3861607,Monte Grande,37.198362,13.679849,
http://www.wikidata.org/entity/Q3878801,Noto antica,36.938549,15.022485,
http://www.wikidata.org/entity/Q3879884,nuraghe Lerno,40.584333333333,9.1646944444444,
http://www.wikidata.org/entity/Q3836325,Locri Epizefiri,38.23642,16.259895,9781862
http://www.wikidata.org/entity/Q3862149,Monte del Grano,41.86527222,12.54929167,
http://www.wikidata.org/entity/Q3874155,necropoli di Ponte Messato,42.64757778,13.67653056,
http://www.wikidata.org/entity/Q3895371,parco archeologico dei Tauriani,38.39415,15.86624,
http://www.wikidata.org/entity/Q3859479,mitreo di Santa Prisca,41.883,12.484,
http://www.wikidata.org/entity/Q3861618,Monte Grotticelle,37.4395,13.4982,
http://www.wikidata.org/entity/Q3861258,Monte Bubbonia,37.251925,14.340346,
http://www.wikidata.org/entity/Q3874161,necropoli di Samassi,39.483325,8.908364,
http://www.wikidata.org/entity/Q3862096,Monte Turcisi,37.501087,14.748242,
http://www.wikidata.org/entity/Q3859475,mitreo Barberini,41.9036724,12.4912501,
http://www.wikidata.org/entity/Q3801612,Ipogeo di Vibia,41.8619,12.5102,
http://www.wikidata.org/entity/Q3874135,necropoli Anguilla,37.47232,13.25446,
http://www.wikidata.org/entity/Q3861168,Monte Adranone,37.684074,13.139629,
http://www.wikidata.org/entity/Q3826082,Lagole,46.436977,12.386322,
http://www.wikidata.org/entity/Q3867423,Muro Tenente,40.538754,17.742287,
http://www.wikidata.org/entity/Q3891772,Palikè,37.331677,14.698109,
http://www.wikidata.org/entity/Q3874140,necropoli del Crocifisso,42.21630278,14.14303889,
http://www.wikidata.org/entity/Q3886330,Sotterranei di Orvieto,42.716587,12.11298,
http://www.wikidata.org/entity/Q3825847,lago del Frassino,45.436708333333,10.667125,
http://www.wikidata.org/entity/Q3825559,Laghetto della Costa,45.2695,11.7435,
http://www.wikidata.org/entity/Q3839042,Lucus Angitiae,41.970771,13.460661,11153713
http://www.wikidata.org/entity/Q3861964,Monte San Mauro,37.217025,14.46890833,10626427
http://www.wikidata.org/entity/Q3893449,Pantheon di Santa Maria in Stelle,45.497084106553,11.037800763123,
http://www.wikidata.org/entity/Q3879891,nuraghe Zuras,40.134111111111,8.7789444444444,
http://www.wikidata.org/entity/Q3838403,Luceoli,43.43962,12.63253,
http://www.wikidata.org/entity/Q3880770,Ocriticum,42.00298611,13.99021111,11153714
http://www.wikidata.org/entity/Q3867832,Museo civico e Foro romano di Assisi,43.0696,12.6138,
http://www.wikidata.org/entity/Q3879890,nuraghe Pranu,39.7823,9.4439,
http://www.wikidata.org/entity/Q3895456,parco archeologico del Colle Garampo,44.13653333,12.24163056,
http://www.wikidata.org/entity/Q3874143,necropoli dell'Esquilino,41.8957,12.5022,
http://www.wikidata.org/entity/Q3852985,Mausoleo di Ummidia Quadratilla,41.482565,13.822098,10300180
http://www.wikidata.org/entity/Q3880684,Occhiolà,37.2351,14.6231,
http://www.wikidata.org/entity/Q3801614,Ipogeo di via Dino Compagni,41.8716,12.5175,
http://www.wikidata.org/entity/Q3892331,Pallanum,42.03194444,14.39527778,
http://www.wikidata.org/entity/Q3874151,necropoli di Is Loccis-Santus,39.1196,8.493,
http://www.wikidata.org/entity/Q3862338,Monteroni,41.94293,12.13142,8956966
http://www.wikidata.org/entity/Q3860609,Mondeval,46.46658,12.09392,
http://www.wikidata.org/entity/Q3827093,Larinum,41.805277777778,14.916944444444,
